;title;author;filename;pubyear;genre;sources
0;Der tolle Invalide auf dem Fort Ratonneau;Achim von Arnim;arnima_invalide_1818;1818;          Novelle;https://www.deutschestextarchiv.de/book/show/arnima_invalide_1818
1;Brigitta;Adalbert Stifter;stifter_brigitta_1910;1910;          Novelle;https://www.deutschestextarchiv.de/book/show/stifter_brigitta_1910
2;Bunte Steine;Adalbert Stifter;stifter_steine01_1853;1853;          Novelle;https://www.deutschestextarchiv.de/book/show/stifter_steine01_1853
3;Bunte Steine;Adalbert Stifter;stifter_steine02_1853;1853;          Novelle;https://www.deutschestextarchiv.de/book/show/stifter_steine02_1853
4;Der Nachsommer;Adalbert Stifter;stifter_nachsommer01_1857;1857;          Roman;https://www.deutschestextarchiv.de/book/show/stifter_nachsommer01_1857
5;Der Nachsommer;Adalbert Stifter;stifter_nachsommer02_1857;1857;          Roman;https://www.deutschestextarchiv.de/book/show/stifter_nachsommer02_1857
6;Der Nachsommer;Adalbert Stifter;stifter_nachsommer03_1857;1857;          Roman;https://www.deutschestextarchiv.de/book/show/stifter_nachsommer03_1857
7;MERVEILLEUSE HISTOIRE DE PIERRE SCHLÉMIHL;Adelbert von Chamisso;19_ZZ_2786;1838;          Prosa;https://www.deutschestextarchiv.de/book/show/19_ZZ_2786
8;Peter Schlemihl's wundersame Geschichte;Adelbert von Chamisso;chamisso_schlemihl_1814;1814;          Prosa;https://www.deutschestextarchiv.de/book/show/chamisso_schlemihl_1814
9;Peter Schlemihl’s wundersame Geschichte;Adelbert von Chamisso;19_ZZ_2754;1827;          Prosa;https://www.deutschestextarchiv.de/book/show/19_ZZ_2754
10;Peter Schlemihl’s wundersame Geschichte;Adelbert von Chamisso;Yw_7531_1;1839;          Prosa;https://www.deutschestextarchiv.de/book/show/Yw_7531_1
11;Peter Schlemihl’s wundersame Geschichte;Adelbert von Chamisso;19_ZZ_2755;1835;          Prosa;https://www.deutschestextarchiv.de/book/show/19_ZZ_2755
12;Peter Schlemihl’s wundersame Geschichte;Adelbert von Chamisso;19_ZZ_2749;1836;          Prosa;https://www.deutschestextarchiv.de/book/show/19_ZZ_2749
13;Peter Schlemihl's wundersame Geschichte;Adelbert von Chamisso;chamisso_schlemihl_1910;1910;          Novelle;https://www.deutschestextarchiv.de/book/show/chamisso_schlemihl_1910
14;Irrwisch-Fritze;Adelheid Reinbold;berthold_irrwischfritze_1910;1910;          Novelle;https://www.deutschestextarchiv.de/book/show/berthold_irrwischfritze_1910
15;Der Flüchtling;Adolf Pichler;pichler_fluechtling_1910;1910;          Novelle;https://www.deutschestextarchiv.de/book/show/pichler_fluechtling_1910
16;Die katholische Mühle;Adolf Widmann;widmann_muehle_1910;1910;          Novelle;https://www.deutschestextarchiv.de/book/show/widmann_muehle_1910
17;Scholastika;Alexander von Ungern-Sternberg;ungern_scholastika_1910;1910;          Novelle;https://www.deutschestextarchiv.de/book/show/ungern_scholastika_1910
18;Der Müller vom Höft;Alfred Meißner;meissner_hoeft_1910;1910;          Novelle;https://www.deutschestextarchiv.de/book/show/meissner_hoeft_1910
19;Die Prinzessin von Portugal;Alfred Meißner;meissner_prinzessin_1882;1882;          Novelle;https://www.deutschestextarchiv.de/book/show/meissner_prinzessin_1882
20;Der Prophet;Amalie Schoppe;schoppe_prophet01_1846;1846;          Roman;https://www.deutschestextarchiv.de/book/show/schoppe_prophet01_1846
21;Der Prophet;Amalie Schoppe;schoppe_prophet02_1846;1846;          Roman;https://www.deutschestextarchiv.de/book/show/schoppe_prophet02_1846
22;Der Prophet;Amalie Schoppe;schoppe_prophet03_1846;1846;          Roman;https://www.deutschestextarchiv.de/book/show/schoppe_prophet03_1846
23;Letzte Gaben;Annette von Droste-Hülshoff;droste_letzte_1860;1860;"          Lyrik; Prosa";https://www.deutschestextarchiv.de/book/show/droste_letzte_1860
24;Die Judenbuche;Annette von Droste-Hülshoff;droste_judenbuche_1910;1910;          Novelle;https://www.deutschestextarchiv.de/book/show/droste_judenbuche_1910
25;Papa Hamlet;Arno Holz;holz_hamlet_1889;1889;          Prosa;https://www.deutschestextarchiv.de/book/show/holz_hamlet_1889
26;Muspilli;Arnold Hagenauer;hagenauer_muspilli_1900;1900;          Roman;https://www.deutschestextarchiv.de/book/show/hagenauer_muspilli_1900
27;Fräulein Else;Arthur Schnitzler;schnitzler_else_1924;1924;          Novelle;https://www.deutschestextarchiv.de/book/show/schnitzler_else_1924
28;Traumnovelle;Arthur Schnitzler;schnitzler_traumnovelle_1926;1926;          Novelle;https://www.deutschestextarchiv.de/book/show/schnitzler_traumnovelle_1926
29;Athenaeum;August Wilhelm Schlegel;schlegel_athenaeum_1799;1799;"          Lyrik; Drama; Prosa";https://www.deutschestextarchiv.de/book/show/schlegel_athenaeum_1799
30;Athenaeum;August Wilhelm Schlegel;schlegel_athenaeum_1800;1800;"          Lyrik; Drama; Prosa";https://www.deutschestextarchiv.de/book/show/schlegel_athenaeum_1800
31;Athenaeum;August Wilhelm Schlegel;schlegel_athenaeum_1798;1798;"          Lyrik; Drama; Prosa";https://www.deutschestextarchiv.de/book/show/schlegel_athenaeum_1798
32;Eine Nacht;Bernhard Abeken, Pseudonym Ernst Andolt;andolt_nacht_1910;1910;          Novelle;https://www.deutschestextarchiv.de/book/show/andolt_nacht_1910
33;Mährchen;Caroline Auguste Fischer;fischer_maehrchen_1802;1802;          Prosa;https://www.deutschestextarchiv.de/book/show/fischer_maehrchen_1802
34;Biographien der Wahnsinnigen;Christian Heinrich Spieß;spiess_biographien01_1796;1796;          Roman;https://www.deutschestextarchiv.de/book/show/spiess_biographien01_1796
35;Biographien der Wahnsinnigen;Christian Heinrich Spieß;spiess_biographien02_1796;1796;          Roman;https://www.deutschestextarchiv.de/book/show/spiess_biographien02_1796
36;Biographien der Wahnsinnigen;Christian Heinrich Spieß;spiess_biographien03_1796;1796;          Roman;https://www.deutschestextarchiv.de/book/show/spiess_biographien03_1796
37;Biographien der Wahnsinnigen;Christian Heinrich Spieß;spiess_biographien04_1796;1796;          Roman;https://www.deutschestextarchiv.de/book/show/spiess_biographien04_1796
38;Geschichte des Fräuleins von Sternheim;Christoph Martin Wieland;laroche_geschichte01_1771;1771;          Roman;https://www.deutschestextarchiv.de/book/show/laroche_geschichte01_1771
39;Geschichte des Fräuleins von Sternheim;Christoph Martin Wieland;laroche_geschichte02_1771;1771;          Roman;https://www.deutschestextarchiv.de/book/show/laroche_geschichte02_1771
40;Geschichte des Agathon;Christoph Martin Wieland;wieland_agathon01_1766;1767;          Prosa;https://www.deutschestextarchiv.de/book/show/wieland_agathon01_1766
41;Geschichte des Agathon;Christoph Martin Wieland;wieland_agathon02_1767;1767;          Prosa;https://www.deutschestextarchiv.de/book/show/wieland_agathon02_1767
42;Reich zu reich und arm zu arm;Claire von Glümer;gluemer_arm_1910;1910;          Novelle;https://www.deutschestextarchiv.de/book/show/gluemer_arm_1910
43;Georg Jenatsch. Eine alte Bündnergeschichte;Conrad Ferdinand Meyer;meyer_jenatsch_1876;1876;          Roman;https://www.deutschestextarchiv.de/book/show/meyer_jenatsch_1876
44;Das Herrenrecht;Daniel Spitzer;spitzer_herrenrecht_1877;1877;          Novelle;https://www.deutschestextarchiv.de/book/show/spitzer_herrenrecht_1877
45;Florentin;Dorothea Schlegel;veitschlegel_florentin_1801;1801;          Roman;https://www.deutschestextarchiv.de/book/show/veitschlegel_florentin_1801
46;Rolof, der Rekrut;Edmund Hoefer;hoefer_rekrut_1910;1910;          Novelle;https://www.deutschestextarchiv.de/book/show/hoefer_rekrut_1910
47;Maler Nolten;Eduard Mörike;moerike_nolten01_1832;1832;          Roman;https://www.deutschestextarchiv.de/book/show/moerike_nolten01_1832
48;Maler Nolten;Eduard Mörike;moerike_nolten02_1832;1832;          Roman;https://www.deutschestextarchiv.de/book/show/moerike_nolten02_1832
49;Mozart auf der Reise nach Prag;Eduard Mörike;moerike_mozart_1856;1856;          Novelle;https://www.deutschestextarchiv.de/book/show/moerike_mozart_1856
50;Mozart auf der Reise nach Prag;Eduard Mörike;moerike_mozart_1910;1910;          Novelle;https://www.deutschestextarchiv.de/book/show/moerike_mozart_1910
51;Beate und Mareile;Eduard von Keyserling;keyserling_beatemareile_1903;1909;          Roman;https://www.deutschestextarchiv.de/book/show/keyserling_beatemareile_1903
52;Zwei Erzählungen;Elisabeth von Heyking;heyking_erzaehlungen_1918;1918;          Novelle;https://www.deutschestextarchiv.de/book/show/heyking_erzaehlungen_1918
53;Der Striethast;Emmy von Dincklage;dincklage_striethast_1910;1910;          Novelle;https://www.deutschestextarchiv.de/book/show/dincklage_striethast_1910
54;Nachtwachen;Ernst August Friedrich Klingemann;klingemann_nachtwachen_1805;1805;          Roman;https://www.deutschestextarchiv.de/book/show/klingemann_nachtwachen_1805
55;Polizei-Geschichten;Ernst Dronke;dronke_polizeigeschichten_1846;1846;          Novelle;https://www.deutschestextarchiv.de/book/show/dronke_polizeigeschichten_1846
56;Ansas und Grita;Ernst Wichert;wichert_grita_1910;1910;          Novelle;https://www.deutschestextarchiv.de/book/show/wichert_grita_1910
57;Adele;Fanny Lewald;lewald_adele_1864;1864;          Roman;https://www.deutschestextarchiv.de/book/show/lewald_adele_1864
58;Die Tante;Fanny Lewald;lewald_tante_1910;1910;          Novelle;https://www.deutschestextarchiv.de/book/show/lewald_tante_1910
59;Jenny;Fanny Lewald;lewald_jenny01_1843;1843;          Roman;https://www.deutschestextarchiv.de/book/show/lewald_jenny01_1843
60;Jenny;Fanny Lewald;lewald_jenny02_1843;1843;          Roman;https://www.deutschestextarchiv.de/book/show/lewald_jenny02_1843
61;Der Amerika-Müde;Ferdinand Kürnberger;kuernberger_amerikamuede_1855;1855;          Roman;https://www.deutschestextarchiv.de/book/show/kuernberger_amerikamuede_1855
62;Der Drache;Ferdinand Kürnberger;kuernberger_drache_1910;1910;          Novelle;https://www.deutschestextarchiv.de/book/show/kuernberger_drache_1910
63;Novellen aus Österreich;Ferdinand von Saar;saar_novellen_1877;1877;          Novelle;https://www.deutschestextarchiv.de/book/show/saar_novellen_1877
64;Der arme Spielmann;Franz Grillparzer;grillparzer_spielmann_1910;1910;          Novelle;https://www.deutschestextarchiv.de/book/show/grillparzer_spielmann_1910
65;Peter Schlemihl's wundersame Geschichte;Friedrich de la Motte Fouqué;chamisso_schlemihl_1814;1814;          Prosa;https://www.deutschestextarchiv.de/book/show/chamisso_schlemihl_1814
66;Undine;Friedrich de la Motte Fouqué;fouque_undine_1811;1811;          Novelle;https://www.deutschestextarchiv.de/book/show/fouque_undine_1811
67;Germelshausen;Friedrich Gerstäcker;gerstaecker_germelshausen_1910;1910;          Novelle;https://www.deutschestextarchiv.de/book/show/gerstaecker_germelshausen_1910
68;Die Marzipan-Lise;Friedrich Halm, eigentlich Eligius von Münch-Bellinghausen;halm_lise_1910;1910;          Novelle;https://www.deutschestextarchiv.de/book/show/halm_lise_1910
69;Eduard Allwills Briefsammlung;Friedrich Heinrich Jacobi;jacobi_allwill_1792;1792;          Roman;https://www.deutschestextarchiv.de/book/show/jacobi_allwill_1792
70;Hyperion oder der Eremit in Griechenland;Friedrich Hölderlin;hoelderlin_hyperion01_1797;1797;          Roman;https://www.deutschestextarchiv.de/book/show/hoelderlin_hyperion01_1797
71;Hyperion oder der Eremit in Griechenland;Friedrich Hölderlin;hoelderlin_hyperion02_1799;1799;          Roman;https://www.deutschestextarchiv.de/book/show/hoelderlin_hyperion02_1799
72;Fausts Leben, Thaten und Höllenfahrt;Friedrich Maximilian Klinger;klinger_faust_1791;1791;          Roman;https://www.deutschestextarchiv.de/book/show/klinger_faust_1791
73;Das Leben und die Meinungen des Herrn Magister Sebaldus Nothanker;Friedrich Nicolai;nicolai_nothanker01_1773;1773;          Roman;https://www.deutschestextarchiv.de/book/show/nicolai_nothanker01_1773
74;Das Leben und die Meinungen des Herrn Magister Sebaldus Nothanker;Friedrich Nicolai;nicolai_nothanker02_1775;1775;          Roman;https://www.deutschestextarchiv.de/book/show/nicolai_nothanker02_1775
75;Das Leben und die Meinungen des Herrn Magister Sebaldus Nothanker;Friedrich Nicolai;nicolai_nothanker03_1776;1776;          Roman;https://www.deutschestextarchiv.de/book/show/nicolai_nothanker03_1776
76;Der Geisterseher;Friedrich Schiller;schiller_geisterseher_1789;1789;          Roman;https://www.deutschestextarchiv.de/book/show/schiller_geisterseher_1789
77;Athenaeum;Friedrich Schlegel;schlegel_athenaeum_1799;1799;"          Lyrik; Drama; Prosa";https://www.deutschestextarchiv.de/book/show/schlegel_athenaeum_1799
78;Athenaeum;Friedrich Schlegel;schlegel_athenaeum_1800;1800;"          Lyrik; Drama; Prosa";https://www.deutschestextarchiv.de/book/show/schlegel_athenaeum_1800
79;Athenaeum;Friedrich Schlegel;schlegel_athenaeum_1798;1798;"          Lyrik; Drama; Prosa";https://www.deutschestextarchiv.de/book/show/schlegel_athenaeum_1798
80;Florentin;Friedrich Schlegel;veitschlegel_florentin_1801;1801;          Roman;https://www.deutschestextarchiv.de/book/show/veitschlegel_florentin_1801
81;Lucinde;Friedrich Schlegel;schlegel_lucinde_1799;1799;          Roman;https://www.deutschestextarchiv.de/book/show/schlegel_lucinde_1799
82;Problematische Naturen;Friedrich Spielhagen;spielhagen_problematische01_1861;1861;          Roman;https://www.deutschestextarchiv.de/book/show/spielhagen_problematische01_1861
83;Problematische Naturen;Friedrich Spielhagen;spielhagen_problematische02_1861;1861;          Roman;https://www.deutschestextarchiv.de/book/show/spielhagen_problematische02_1861
84;Problematische Naturen;Friedrich Spielhagen;spielhagen_problematische03_1861;1861;          Roman;https://www.deutschestextarchiv.de/book/show/spielhagen_problematische03_1861
85;Problematische Naturen;Friedrich Spielhagen;spielhagen_problematische04_1861;1861;          Roman;https://www.deutschestextarchiv.de/book/show/spielhagen_problematische04_1861
86;Auch Einer;Friedrich Theodor Vischer;vischer_auch01_1879;1879;          Roman;https://www.deutschestextarchiv.de/book/show/vischer_auch01_1879
87;Auch Einer;Friedrich Theodor Vischer;vischer_auch02_1879;1879;          Roman;https://www.deutschestextarchiv.de/book/show/vischer_auch02_1879
88;Der graue John;Friedrich von Heyden;heyden_john_1910;1910;          Novelle;https://www.deutschestextarchiv.de/book/show/heyden_john_1910
89;Zwei Nächte;Friedrich Wilhelm Hackländer;hacklaender_naechte_1910;1910;          Novelle;https://www.deutschestextarchiv.de/book/show/hacklaender_naechte_1910
90;Eine Aegyptische Königstochter;Georg Ebers;ebers_koenigstochter01_1864;1864;          Roman;https://www.deutschestextarchiv.de/book/show/ebers_koenigstochter01_1864
91;Eine Aegyptische Königstochter;Georg Ebers;ebers_koenigstochter02_1864;1864;          Roman;https://www.deutschestextarchiv.de/book/show/ebers_koenigstochter02_1864
92;Eine Aegyptische Königstochter;Georg Ebers;ebers_koenigstochter03_1864;1864;          Roman;https://www.deutschestextarchiv.de/book/show/ebers_koenigstochter03_1864
93;Leben und Thaten des berühmten Ritters Schnapphahnski;Georg Weerth;weerth_schnapphahnski_1849;1849;          Roman;https://www.deutschestextarchiv.de/book/show/weerth_schnapphahnski_1849
94;Das Sinngedicht;Gottfried Keller;keller_sinngedicht_1882;1882;          Novelle;https://www.deutschestextarchiv.de/book/show/keller_sinngedicht_1882
95;Der grüne Heinrich;Gottfried Keller;keller_heinrich01_1854;1854;          Roman;https://www.deutschestextarchiv.de/book/show/keller_heinrich01_1854
96;Der grüne Heinrich;Gottfried Keller;keller_heinrich02_1854;1854;          Roman;https://www.deutschestextarchiv.de/book/show/keller_heinrich02_1854
97;Der grüne Heinrich;Gottfried Keller;keller_heinrich03_1854;1854;          Roman;https://www.deutschestextarchiv.de/book/show/keller_heinrich03_1854
98;Der grüne Heinrich;Gottfried Keller;keller_heinrich04_1855;1855;          Roman;https://www.deutschestextarchiv.de/book/show/keller_heinrich04_1855
99;Die Leute von Seldwyla;Gottfried Keller;keller_seldwyla_1856;1856;          Novelle;https://www.deutschestextarchiv.de/book/show/keller_seldwyla_1856
100;Romeo und Julia auf dem Dorfe;Gottfried Keller;keller_dorfe_1910;1910;          Novelle;https://www.deutschestextarchiv.de/book/show/keller_dorfe_1910
101;Sieben Legenden;Gottfried Keller;keller_legenden_1872;1872;          Novelle;https://www.deutschestextarchiv.de/book/show/keller_legenden_1872
102;Die schönsten Sagen des klassischen Alterthums;Gustav Schwab;schwab_sagen01_1838;1838;          Kinderliteratur;https://www.deutschestextarchiv.de/book/show/schwab_sagen01_1838
103;Die schönsten Sagen des klassischen Alterthums;Gustav Schwab;schwab_sagen02_1839;1839;          Kinderliteratur;https://www.deutschestextarchiv.de/book/show/schwab_sagen02_1839
104;Die schönsten Sagen des klassischen Alterthums;Gustav Schwab;schwab_sagen03_1840;1840;          Kinderliteratur;https://www.deutschestextarchiv.de/book/show/schwab_sagen03_1840
105;Das junge Europa;Heinrich Laube;laube_europa0101_1833;1833;          Prosa;https://www.deutschestextarchiv.de/book/show/laube_europa0101_1833
106;Das junge Europa;Heinrich Laube;laube_europa0102_1833;1833;          Prosa;https://www.deutschestextarchiv.de/book/show/laube_europa0102_1833
107;Das junge Europa;Heinrich Laube;laube_europa0201_1837;1837;          Novelle;https://www.deutschestextarchiv.de/book/show/laube_europa0201_1837
108;Das junge Europa;Heinrich Laube;laube_europa03_1837;1837;          Novelle;https://www.deutschestextarchiv.de/book/show/laube_europa03_1837
109;Die Verlobung von St. Domingo;Heinrich von Kleist;kleist_verlobung_1910;1871;          Novelle;https://www.deutschestextarchiv.de/book/show/kleist_verlobung_1910
110;Geister und Geisterseher oder Leben und frühes Ende eines Nekromantisten;Heinrich Zschokke;zschokke_geister_1789;1789;          Prosa;https://www.deutschestextarchiv.de/book/show/zschokke_geister_1789
111;Das Kind;Herman Grimm;grimm_kind_1910;1910;          Novelle;https://www.deutschestextarchiv.de/book/show/grimm_kind_1910
112;Adam Mensch;Hermann Conradi;conradi_adam_1889;1889;          Roman;https://www.deutschestextarchiv.de/book/show/conradi_adam_1889
113;Der Sonnenwirth;Hermann Kurz;kurz_sonnenwirth_1855;1855;          Roman;https://www.deutschestextarchiv.de/book/show/kurz_sonnenwirth_1855
114;Die beiden Tubus;Hermann Kurz;kurz_tubus_1910;1910;          Novelle;https://www.deutschestextarchiv.de/book/show/kurz_tubus_1910
115;Yoshiwara;Hermione von Preuschen;preuschen_yoshiwara_1920;1920;          Roman;https://www.deutschestextarchiv.de/book/show/preuschen_yoshiwara_1920
116;Ein adeliges Fräulein;Hieronymus Lorm, eigentlich Heinrich Landesmann;lorm_fraeulein_1910;1910;          Novelle;https://www.deutschestextarchiv.de/book/show/lorm_fraeulein_1910
117;Bittersüß;Ilse Frapan;frapan_bittersuess_1891;1891;          Novelle;https://www.deutschestextarchiv.de/book/show/frapan_bittersuess_1891
118;Flügel auf!;Ilse Frapan;frapan_fluegel_1895;1895;          Novelle;https://www.deutschestextarchiv.de/book/show/frapan_fluegel_1895
119;Kinder und Hausmärchen;Jacob Grimm;grimm_maerchen01_1857;1857;          Märchen;https://www.deutschestextarchiv.de/book/show/grimm_maerchen01_1857
120;Kinder und Hausmärchen;Jacob Grimm;grimm_maerchen01_1840;1840;          Märchen;https://www.deutschestextarchiv.de/book/show/grimm_maerchen01_1840
121;Kinder und Hausmärchen;Jacob Grimm;grimm_maerchen01_1837;1837;          Märchen;https://www.deutschestextarchiv.de/book/show/grimm_maerchen01_1837
122;Kinder und Hausmärchen;Jacob Grimm;grimm_maerchen01_1843;1843;          Märchen;https://www.deutschestextarchiv.de/book/show/grimm_maerchen01_1843
123;Kinder und Hausmärchen;Jacob Grimm;grimm_maerchen01_1850;1850;          Märchen;https://www.deutschestextarchiv.de/book/show/grimm_maerchen01_1850
124;Kinder und Hausmärchen;Jacob Grimm;grimm_maerchen02_1837;1837;          Märchen;https://www.deutschestextarchiv.de/book/show/grimm_maerchen02_1837
125;Kinder und Hausmärchen;Jacob Grimm;grimm_maerchen02_1843;1843;          Märchen;https://www.deutschestextarchiv.de/book/show/grimm_maerchen02_1843
126;Kinder und Hausmärchen;Jacob Grimm;grimm_maerchen02_1840;1840;          Märchen;https://www.deutschestextarchiv.de/book/show/grimm_maerchen02_1840
127;Kinder und Hausmärchen;Jacob Grimm;grimm_maerchen02_1857;1857;          Märchen;https://www.deutschestextarchiv.de/book/show/grimm_maerchen02_1857
128;Kinder und Hausmärchen;Jacob Grimm;grimm_maerchen02_1850;1850;          Märchen;https://www.deutschestextarchiv.de/book/show/grimm_maerchen02_1850
129;Kinder- und Haus-Märchen;Jacob Grimm;grimm_maerchen01_1812;1812;          Märchen;https://www.deutschestextarchiv.de/book/show/grimm_maerchen01_1812
130;Kinder- und Haus-Märchen;Jacob Grimm;grimm_maerchen01_1819;1819;          Märchen;https://www.deutschestextarchiv.de/book/show/grimm_maerchen01_1819
131;Kinder- und Haus-Märchen;Jacob Grimm;grimm_maerchen02_1819;1819;          Märchen;https://www.deutschestextarchiv.de/book/show/grimm_maerchen02_1819
132;Kinder- und Haus-Märchen;Jacob Grimm;grimm_maerchen02_1815;1815;          Märchen;https://www.deutschestextarchiv.de/book/show/grimm_maerchen02_1815
133;Die unsichtbare Loge;Jean Paul, eigentlich Johann Paul Friedrich Richter;paul_loge01_1793;1793;          Roman;https://www.deutschestextarchiv.de/book/show/paul_loge01_1793
134;Die unsichtbare Loge;Jean Paul, eigentlich Johann Paul Friedrich Richter;paul_loge02_1793;1793;          Roman;https://www.deutschestextarchiv.de/book/show/paul_loge02_1793
135;D. Katzenbergers Badereise;Jean Paul, eigentlich Johann Paul Friedrich Richter;paul_katzenberger01_1809;1809;          Roman;https://www.deutschestextarchiv.de/book/show/paul_katzenberger01_1809
136;D. Katzenbergers Badereise;Jean Paul, eigentlich Johann Paul Friedrich Richter;paul_katzenberger02_1809;1809;          Roman;https://www.deutschestextarchiv.de/book/show/paul_katzenberger02_1809
137;Flegeljahre;Jean Paul, eigentlich Johann Paul Friedrich Richter;paul_flegeljahre01_1804;1804;          Roman;https://www.deutschestextarchiv.de/book/show/paul_flegeljahre01_1804
138;Flegeljahre;Jean Paul, eigentlich Johann Paul Friedrich Richter;paul_flegeljahre02_1804;1804;          Roman;https://www.deutschestextarchiv.de/book/show/paul_flegeljahre02_1804
139;Flegeljahre;Jean Paul, eigentlich Johann Paul Friedrich Richter;paul_flegeljahre03_1804;1804;          Roman;https://www.deutschestextarchiv.de/book/show/paul_flegeljahre03_1804
140;Flegeljahre;Jean Paul, eigentlich Johann Paul Friedrich Richter;paul_flegeljahre04_1805;1805;          Roman;https://www.deutschestextarchiv.de/book/show/paul_flegeljahre04_1805
141;Hesperus, oder 45 Hundsposttage;Jean Paul, eigentlich Johann Paul Friedrich Richter;paul_hesperus01_1795;1795;          Roman;https://www.deutschestextarchiv.de/book/show/paul_hesperus01_1795
142;Hesperus, oder 45 Hundsposttage;Jean Paul, eigentlich Johann Paul Friedrich Richter;paul_hesperus02_1795;1795;          Roman;https://www.deutschestextarchiv.de/book/show/paul_hesperus02_1795
143;Hesperus, oder 45 Hundsposttage;Jean Paul, eigentlich Johann Paul Friedrich Richter;paul_hesperus03_1795;1795;          Roman;https://www.deutschestextarchiv.de/book/show/paul_hesperus03_1795
144;Titan;Jean Paul, eigentlich Johann Paul Friedrich Richter;paul_titan01_1800;1800;          Roman;https://www.deutschestextarchiv.de/book/show/paul_titan01_1800
145;Titan;Jean Paul, eigentlich Johann Paul Friedrich Richter;paul_titan02_1801;1801;          Roman;https://www.deutschestextarchiv.de/book/show/paul_titan02_1801
146;Titan;Jean Paul, eigentlich Johann Paul Friedrich Richter;paul_titan03_1802;1802;          Roman;https://www.deutschestextarchiv.de/book/show/paul_titan03_1802
147;Titan;Jean Paul, eigentlich Johann Paul Friedrich Richter;paul_titan04_1803;1803;          Roman;https://www.deutschestextarchiv.de/book/show/paul_titan04_1803
148;Der Notar in der Falle;Jeremias Gotthelf, eigentlich Albert Bitzius;gotthelf_notar_1910;1910;          Novelle;https://www.deutschestextarchiv.de/book/show/gotthelf_notar_1910
149;Kurt von Koppigen;Jeremias Gotthelf, eigentlich Albert Bitzius;gotthelf_koppingen_1910;1910;          Novelle;https://www.deutschestextarchiv.de/book/show/gotthelf_koppingen_1910
150;Bilder und Sagen aus der Schweiz;Jeremias Gotthelf, eigentlich Albert Bitzius;gotthelf_sagen_1842;1842;          Novelle;https://www.deutschestextarchiv.de/book/show/gotthelf_sagen_1842
151;Robinson der Jüngere;Joachim Heinrich Campe;campe_robinson01_1779;1779;          Roman;https://www.deutschestextarchiv.de/book/show/campe_robinson01_1779
152;Robinson der Jüngere;Joachim Heinrich Campe;campe_robinson02_1780;1780;          Roman;https://www.deutschestextarchiv.de/book/show/campe_robinson02_1780
153;Physiognomische Reisen;Johann Karl August Musäus;musaeus_reisen01_1779;1779;          Prosa;https://www.deutschestextarchiv.de/book/show/musaeus_reisen01_1779
154;Physiognomische Reisen;Johann Karl August Musäus;musaeus_reisen03_1779;1779;          Prosa;https://www.deutschestextarchiv.de/book/show/musaeus_reisen03_1779
155;Physiognomische Reisen;Johann Karl August Musäus;musaeus_reisen04_1779;1779;          Prosa;https://www.deutschestextarchiv.de/book/show/musaeus_reisen04_1779
156;Physiognomische Reisen ;Johann Karl August Musäus;musaeus_reisen02_1778;1778;          Prosa;https://www.deutschestextarchiv.de/book/show/musaeus_reisen02_1778
157;Siegwart;Johann Martin Miller;miller_siegwart01_1776;1776;          Prosa;https://www.deutschestextarchiv.de/book/show/miller_siegwart01_1776
158;Siegwart;Johann Martin Miller;miller_siegwart02_1776;1776;          Prosa;https://www.deutschestextarchiv.de/book/show/miller_siegwart02_1776
159;Schatzkästlein des rheinischen Hausfreundes;Johann Peter Hebel;hebel_schatzkaestlein_1811;1811;          Prosa;https://www.deutschestextarchiv.de/book/show/hebel_schatzkaestlein_1811
160;Die Leiden des jungen Werthers;Johann Wolfgang von Goethe;goethe_werther01_1774;1774;          Roman;https://www.deutschestextarchiv.de/book/show/goethe_werther01_1774
161;Die Leiden des jungen Werthers;Johann Wolfgang von Goethe;goethe_werther02_1774;1774;          Roman;https://www.deutschestextarchiv.de/book/show/goethe_werther02_1774
162;Die neue Melusine;Johann Wolfgang von Goethe;goethe_melusine_1910;1871;          Novelle;https://www.deutschestextarchiv.de/book/show/goethe_melusine_1910
163;Die Wahlverwandtschaften;Johann Wolfgang von Goethe;goethe_wahlverw01_1809;1809;          Roman;https://www.deutschestextarchiv.de/book/show/goethe_wahlverw01_1809
164;Die Wahlverwandtschaften;Johann Wolfgang von Goethe;goethe_wahlverw02_1809;1809;          Roman;https://www.deutschestextarchiv.de/book/show/goethe_wahlverw02_1809
165;Reinecke Fuchs;Johann Wolfgang von Goethe;goethe_reineke_1794;1794;          Epik;https://www.deutschestextarchiv.de/book/show/goethe_reineke_1794
166;Wilhelm Meisters Lehrjahre;Johann Wolfgang von Goethe;goethe_lehrjahre01_1795;1795;          Roman;https://www.deutschestextarchiv.de/book/show/goethe_lehrjahre01_1795
167;Wilhelm Meisters Lehrjahre;Johann Wolfgang von Goethe;goethe_lehrjahre02_1795;1795;          Roman;https://www.deutschestextarchiv.de/book/show/goethe_lehrjahre02_1795
168;Wilhelm Meisters Lehrjahre;Johann Wolfgang von Goethe;goethe_lehrjahre03_1795;1795;          Roman;https://www.deutschestextarchiv.de/book/show/goethe_lehrjahre03_1795
169;Wilhelm Meisters Lehrjahre;Johann Wolfgang von Goethe;goethe_lehrjahre04_1796;1796;          Roman;https://www.deutschestextarchiv.de/book/show/goethe_lehrjahre04_1796
170;Musikalische Orthodoxie;Johanna Kinkel;kinkel_orthodoxie_1910;1910;          Novelle;https://www.deutschestextarchiv.de/book/show/kinkel_orthodoxie_1910
171;Heidi's Lehr- und Wanderjahre;Johanna Spyri;spyri_heidi_1880;1880;          Roman;https://www.deutschestextarchiv.de/book/show/spyri_heidi_1880
172;Ahnung und Gegenwart;Joseph Freiherr von Eichendorff;eichendorff_ahnung_1815;1815;          Roman;https://www.deutschestextarchiv.de/book/show/eichendorff_ahnung_1815
173;Aus dem Leben eines Taugenichts und das Marmorbild;Joseph Freiherr von Eichendorff;eichendorff_taugenichts_1826;1826;          Novelle;https://www.deutschestextarchiv.de/book/show/eichendorff_taugenichts_1826
174;Dichter und ihre Gesellen;Joseph Freiherr von Eichendorff;eichendorff_dichter_1834;1834;          Roman;https://www.deutschestextarchiv.de/book/show/eichendorff_dichter_1834
175;Die Glücksritter;Joseph Freiherr von Eichendorff;eichendorff_gluecksritter_1910;1910;          Novelle;https://www.deutschestextarchiv.de/book/show/eichendorff_gluecksritter_1910
176;Samuel Brinks letzte Liebesgeschichte;Joseph Schreyvogel;schreyvogel_liebesgeschichte_1910;1910;          Novelle;https://www.deutschestextarchiv.de/book/show/schreyvogel_liebesgeschichte_1910
177;Ekkehard;Joseph Victor von Scheffel;scheffel_ekkehard_1855;1855;          Roman;https://www.deutschestextarchiv.de/book/show/scheffel_ekkehard_1855
178;Hugideo;Joseph Victor von Scheffel;scheffel_hugideo_1910;1910;          Novelle;https://www.deutschestextarchiv.de/book/show/scheffel_hugideo_1910
179;Vetter Isidor;Julius Grosse;grosse_isidor_1910;1910;          Novelle;https://www.deutschestextarchiv.de/book/show/grosse_isidor_1910
180;Ini;Julius von Voß;voss_ini_1810;1810;          Roman;https://www.deutschestextarchiv.de/book/show/voss_ini_1810
181;Die Jobsiade;Karl Arnold Kortum;kortum_jobsiade01_1799;1799;          Roman;https://www.deutschestextarchiv.de/book/show/kortum_jobsiade01_1799
182;Die Jobsiade;Karl Arnold Kortum;kortum_jobsiade02_1799;1799;          Roman;https://www.deutschestextarchiv.de/book/show/kortum_jobsiade02_1799
183;Die Jobsiade;Karl Arnold Kortum;kortum_jobsiade03_1799;1799;          Roman;https://www.deutschestextarchiv.de/book/show/kortum_jobsiade03_1799
184;Rahel;Karl August Varnhagen von Ense;varnhagen_rahel01_1834;1834;          Prosa;https://www.deutschestextarchiv.de/book/show/varnhagen_rahel01_1834
185;Rahel;Karl August Varnhagen von Ense;varnhagen_rahel02_1834;1834;          Prosa;https://www.deutschestextarchiv.de/book/show/varnhagen_rahel02_1834
186;Rahel;Karl August Varnhagen von Ense;varnhagen_rahel03_1834;1834;          Prosa;https://www.deutschestextarchiv.de/book/show/varnhagen_rahel03_1834
187;Denkwürdigkeiten und vermischte Schriften;Karl August Varnhagen von Ense;varnhagen_denkwuerdigkeiten01_1837;1837;          Prosa;https://www.deutschestextarchiv.de/book/show/varnhagen_denkwuerdigkeiten01_1837
188;Denkwürdigkeiten und vermischte Schriften;Karl August Varnhagen von Ense;varnhagen_denkwuerdigkeiten02_1837;1837;          Prosa;https://www.deutschestextarchiv.de/book/show/varnhagen_denkwuerdigkeiten02_1837
189;Denkwürdigkeiten und vermischte Schriften;Karl August Varnhagen von Ense;varnhagen_denkwuerdigkeiten03_1838;1838;          Prosa;https://www.deutschestextarchiv.de/book/show/varnhagen_denkwuerdigkeiten03_1838
190;Reiz und Liebe;Karl August Varnhagen von Ense;ense_liebe_1910;1910;          Novelle;https://www.deutschestextarchiv.de/book/show/ense_liebe_1910
191;Briefe eines Narren an eine Närrin;Karl Gutzkow;gutzkow_narren_1832;1832;          Roman;https://www.deutschestextarchiv.de/book/show/gutzkow_narren_1832
192;Die neuen Serapionsbrüder;Karl Gutzkow;gutzkow_serapionsbrueder01_1877;1877;          Roman;https://www.deutschestextarchiv.de/book/show/gutzkow_serapionsbrueder01_1877
193;Die neuen Serapionsbrüder;Karl Gutzkow;gutzkow_serapionsbrueder02_1877;1877;          Roman;https://www.deutschestextarchiv.de/book/show/gutzkow_serapionsbrueder02_1877
194;Die neuen Serapionsbrüder;Karl Gutzkow;gutzkow_serapionsbrueder03_1877;1877;          Roman;https://www.deutschestextarchiv.de/book/show/gutzkow_serapionsbrueder03_1877
195;Öffentliche Charaktere;Karl Gutzkow;gutzkow_charaktere_1835;1835;          Prosa;https://www.deutschestextarchiv.de/book/show/gutzkow_charaktere_1835
196;Wally, die Zweiflerin;Karl Gutzkow;gutzkow_wally_1835;1835;          Roman;https://www.deutschestextarchiv.de/book/show/gutzkow_wally_1835
197;Durchs Wilde Kurdistan;Karl May;may_kurdistan_1892;1892;          Roman;https://www.deutschestextarchiv.de/book/show/may_kurdistan_1892
198;Anton Reiser;Karl Philipp Moritz;moritz_reiser01_1785;1785;          Roman;https://www.deutschestextarchiv.de/book/show/moritz_reiser01_1785
199;Anton Reiser;Karl Philipp Moritz;moritz_reiser02_1786;1786;          Roman;https://www.deutschestextarchiv.de/book/show/moritz_reiser02_1786
200;Anton Reiser;Karl Philipp Moritz;moritz_reiser03_1786;1786;          Roman;https://www.deutschestextarchiv.de/book/show/moritz_reiser03_1786
201;Anton Reiser;Karl Philipp Moritz;moritz_reiser04_1790;1790;          Roman;https://www.deutschestextarchiv.de/book/show/moritz_reiser04_1790
202;Die Engel-Ehe;Karl Spindler;spindler_engel_1910;1910;          Novelle;https://www.deutschestextarchiv.de/book/show/spindler_engel_1910
203;Gemälde weiblicher Erziehung;Karoline Rudolphi;rudolphi_erziehung01_1807;1807;          Roman;https://www.deutschestextarchiv.de/book/show/rudolphi_erziehung01_1807
204;Gemälde weiblicher Erziehung;Karoline Rudolphi;rudolphi_erziehung02_1807;1807;          Roman;https://www.deutschestextarchiv.de/book/show/rudolphi_erziehung02_1807
205;Auf zwei Planeten;Kurd Laßwitz;lasswitz_planeten01_1897;1897;          Roman;https://www.deutschestextarchiv.de/book/show/lasswitz_planeten01_1897
206;Auf zwei Planeten;Kurd Laßwitz;lasswitz_planeten02_1897;1897;          Roman;https://www.deutschestextarchiv.de/book/show/lasswitz_planeten02_1897
207;Seifenblasen;Kurd Laßwitz;lasswitz_seife_1890;1890;          Prosa;https://www.deutschestextarchiv.de/book/show/lasswitz_seife_1890
208;Eine Verlorene;Leopold Kompert;kompert_verlorene_1910;1910;          Novelle;https://www.deutschestextarchiv.de/book/show/kompert_verlorene_1910
209;Don Juan von Kolomea;Leopold von Sacher-Masoch;sacher_kolomea_1910;1910;          Novelle;https://www.deutschestextarchiv.de/book/show/sacher_kolomea_1910
210;Die letzte Reckenburgerin;Louise von François;francois_reckenburgerin01_1871;1871;          Roman;https://www.deutschestextarchiv.de/book/show/francois_reckenburgerin01_1871
211;Die letzte Reckenburgerin;Louise von François;francois_reckenburgerin02_1871;1871;          Roman;https://www.deutschestextarchiv.de/book/show/francois_reckenburgerin02_1871
212;Der Dunkelgraf;Ludwig Bechstein;bechstein_dunkelgraf_1854;1854;          Roman;https://www.deutschestextarchiv.de/book/show/bechstein_dunkelgraf_1854
213;Des Lebens Überfluß;Ludwig Tieck;tieck_ueberfluss_1910;1910;          Novelle;https://www.deutschestextarchiv.de/book/show/tieck_ueberfluss_1910
214;Die Gemälde;Ludwig Tieck;tieck_gemaelde_1910;1910;          Novelle;https://www.deutschestextarchiv.de/book/show/tieck_gemaelde_1910
215;Franz Sternbald's Wanderungen;Ludwig Tieck;tieck_sternbald02_1798;1798;          Roman;https://www.deutschestextarchiv.de/book/show/tieck_sternbald02_1798
216;Franz Sternbalds Wanderungen;Ludwig Tieck;tieck_sternbald01_1798;1798;          Roman;https://www.deutschestextarchiv.de/book/show/tieck_sternbald01_1798
217;Phantasus;Ludwig Tieck;tieck_phantasus01_1812;1812;"          Drama; Prosa";https://www.deutschestextarchiv.de/book/show/tieck_phantasus01_1812
218;Phantasus;Ludwig Tieck;tieck_phantasus02_1812;1812;"          Drama; Prosa";https://www.deutschestextarchiv.de/book/show/tieck_phantasus02_1812
219;Phantasus;Ludwig Tieck;tieck_phantasus03_1816;1816;"          Drama; Prosa";https://www.deutschestextarchiv.de/book/show/tieck_phantasus03_1816
220;William Lovell;Ludwig Tieck;tieck_lovell01_1795;1795;          Roman;https://www.deutschestextarchiv.de/book/show/tieck_lovell01_1795
221;William Lovell;Ludwig Tieck;tieck_lovell02_1796;1796;          Roman;https://www.deutschestextarchiv.de/book/show/tieck_lovell02_1796
222;William Lovell;Ludwig Tieck;tieck_lovell03_1796;1796;          Roman;https://www.deutschestextarchiv.de/book/show/tieck_lovell03_1796
223;Herzensergießungen eines kunstliebenden Klosterbruders;Ludwig Tieck;wackenroder_herzensergiessungen_1797;1797;          Roman;https://www.deutschestextarchiv.de/book/show/wackenroder_herzensergiessungen_1797
224;Eine fromme Lüge;Luise von Gall;gall_luege_1910;1910;          Novelle;https://www.deutschestextarchiv.de/book/show/gall_luege_1910
225;Der Sieg des Schwachen;Melchior Meyr;meyr_schwachen_1910;1910;          Novelle;https://www.deutschestextarchiv.de/book/show/meyr_schwachen_1910
226;Das Schloß im Gebirge;Moritz Hartmann;hartmann_gebirge_1910;1910;          Novelle;https://www.deutschestextarchiv.de/book/show/hartmann_gebirge_1910
227;Streit in der Liebe und Liebe im Streit;Ottilie Wildermuth;wildermuth_streit_1910;1910;          Novelle;https://www.deutschestextarchiv.de/book/show/wildermuth_streit_1910
228;Stilpe;Otto Julius Bierbaum;bierbaum_stilpe_1897;1897;          Roman;https://www.deutschestextarchiv.de/book/show/bierbaum_stilpe_1897
229;Zwischen Himmel und Erde;Otto Ludwig;ludwig_himmel_1856;1856;          Roman;https://www.deutschestextarchiv.de/book/show/ludwig_himmel_1856
230;Der Weinhüter von Meran;Paul Heyse;heyse_weinhueter_1910;1910;          Novelle;https://www.deutschestextarchiv.de/book/show/heyse_weinhueter_1910
231;Novellen;Paul Heyse;heyse_novellen_1855;1855;          Novelle;https://www.deutschestextarchiv.de/book/show/heyse_novellen_1855
232;Rahel;Rahel Levin;varnhagen_rahel01_1834;1834;          Prosa;https://www.deutschestextarchiv.de/book/show/varnhagen_rahel01_1834
233;Rahel;Rahel Levin;varnhagen_rahel02_1834;1834;          Prosa;https://www.deutschestextarchiv.de/book/show/varnhagen_rahel02_1834
234;Rahel;Rahel Levin;varnhagen_rahel03_1834;1834;          Prosa;https://www.deutschestextarchiv.de/book/show/varnhagen_rahel03_1834
235;Der Medizinmann;Robert Kraft;kraft_medizinmann_1896;1896;          Roman;https://www.deutschestextarchiv.de/book/show/kraft_medizinmann_1896
236;Wunderbare Reisen zu Wasser und Lande, Feldzüge und lustige Abentheuer des Freyherrn von Münchhausen, wie er dieselben bey der Flasche im Cirkel seiner Freunde selbst zu erzählen pflegt;Rudolf Erich Raspe;buerger_muenchhausen_1786;1786;          Roman;https://www.deutschestextarchiv.de/book/show/buerger_muenchhausen_1786
237;Geschichte des Fräuleins von Sternheim;Sophie von La Roche;laroche_geschichte01_1771;1771;          Roman;https://www.deutschestextarchiv.de/book/show/laroche_geschichte01_1771
238;Geschichte des Fräuleins von Sternheim;Sophie von La Roche;laroche_geschichte02_1771;1771;          Roman;https://www.deutschestextarchiv.de/book/show/laroche_geschichte02_1771
239;Der Stechlin;Theodor Fontane;fontane_stechlin_1899;1899;          Roman;https://www.deutschestextarchiv.de/book/show/fontane_stechlin_1899
240;Die Poggenpuhls;Theodor Fontane;fontane_poggenpuhls_1897;1902;          Roman;https://www.deutschestextarchiv.de/book/show/fontane_poggenpuhls_1897
241;Effi Briest;Theodor Fontane;fontane_briest_1896;1896;          Roman;https://www.deutschestextarchiv.de/book/show/fontane_briest_1896
242;Irrungen, Wirrungen;Theodor Fontane;fontane_irrungen_1888;1888;          Roman;https://www.deutschestextarchiv.de/book/show/fontane_irrungen_1888
243;Schach von Wuthenow;Theodor Fontane;fontane_wuthenow_1883;1883;          Roman;https://www.deutschestextarchiv.de/book/show/fontane_wuthenow_1883
244;Unterm Birnbaum;Theodor Fontane;fontane_birnbaum_1885;1885;          Novelle;https://www.deutschestextarchiv.de/book/show/fontane_birnbaum_1885
245;Von vor und nach der Reise;Theodor Fontane;fontane_reise_1894;1894;          Prosa;https://www.deutschestextarchiv.de/book/show/fontane_reise_1894
246;Am Malanger Fjord;Theodor Mügge;muegge_fjord_1910;1910;          Novelle;https://www.deutschestextarchiv.de/book/show/muegge_fjord_1910
247;Aquis submersus;Theodor Storm;storm_aquis_1877;1877;          Novelle;https://www.deutschestextarchiv.de/book/show/storm_aquis_1877
248;Bötjer Basch;Theodor Storm;storm_basch_1887;1887;          Novelle;https://www.deutschestextarchiv.de/book/show/storm_basch_1887
249;Der Schimmelreiter;Theodor Storm;storm_schimmelreiter_1888;1888;          Novelle;https://www.deutschestextarchiv.de/book/show/storm_schimmelreiter_1888
250;Ein Doppelgänger;Theodor Storm;storm_doppelgaenger_1887;1887;          Novelle;https://www.deutschestextarchiv.de/book/show/storm_doppelgaenger_1887
251;Eine Malerarbeit;Theodor Storm;storm_malerarbeit_1910;1910;          Novelle;https://www.deutschestextarchiv.de/book/show/storm_malerarbeit_1910
252;Immensee;Theodor Storm;storm_immensee_1852;1852;          Novelle;https://www.deutschestextarchiv.de/book/show/storm_immensee_1852
253;John Riew', Ein Fest auf Haderslevhuus;Theodor Storm;storm_riew_1885;1885;          Novelle;https://www.deutschestextarchiv.de/book/show/storm_riew_1885
254;Waldwinkel, Pole Poppenspäler;Theodor Storm;storm_waldwinkel_1875;1875;          Novelle;https://www.deutschestextarchiv.de/book/show/storm_waldwinkel_1875
255;Max und Moritz;Wilhelm Busch;busch_max_1865;1865;          Kinderliteratur;https://www.deutschestextarchiv.de/book/show/busch_max_1865
256;Kinder und Hausmärchen;Jacob Grimm;grimm_maerchen01_1857;1857;          Märchen;https://www.deutschestextarchiv.de/book/show/grimm_maerchen01_1857
257;Kinder und Hausmärchen;Jacob Grimm;grimm_maerchen01_1840;1840;          Märchen;https://www.deutschestextarchiv.de/book/show/grimm_maerchen01_1840
258;Kinder und Hausmärchen;Jacob Grimm;grimm_maerchen01_1837;1837;          Märchen;https://www.deutschestextarchiv.de/book/show/grimm_maerchen01_1837
259;Kinder und Hausmärchen;Jacob Grimm;grimm_maerchen01_1843;1843;          Märchen;https://www.deutschestextarchiv.de/book/show/grimm_maerchen01_1843
260;Kinder und Hausmärchen;Jacob Grimm;grimm_maerchen01_1850;1850;          Märchen;https://www.deutschestextarchiv.de/book/show/grimm_maerchen01_1850
261;Kinder und Hausmärchen;Jacob Grimm;grimm_maerchen02_1837;1837;          Märchen;https://www.deutschestextarchiv.de/book/show/grimm_maerchen02_1837
262;Kinder und Hausmärchen;Jacob Grimm;grimm_maerchen02_1843;1843;          Märchen;https://www.deutschestextarchiv.de/book/show/grimm_maerchen02_1843
263;Kinder und Hausmärchen;Jacob Grimm;grimm_maerchen02_1840;1840;          Märchen;https://www.deutschestextarchiv.de/book/show/grimm_maerchen02_1840
264;Kinder und Hausmärchen;Jacob Grimm;grimm_maerchen02_1857;1857;          Märchen;https://www.deutschestextarchiv.de/book/show/grimm_maerchen02_1857
265;Kinder und Hausmärchen;Jacob Grimm;grimm_maerchen02_1850;1850;          Märchen;https://www.deutschestextarchiv.de/book/show/grimm_maerchen02_1850
266;Kinder- und Haus-Märchen;Jacob Grimm;grimm_maerchen01_1812;1812;          Märchen;https://www.deutschestextarchiv.de/book/show/grimm_maerchen01_1812
267;Kinder- und Haus-Märchen;Jacob Grimm;grimm_maerchen01_1819;1819;          Märchen;https://www.deutschestextarchiv.de/book/show/grimm_maerchen01_1819
268;Kinder- und Haus-Märchen;Jacob Grimm;grimm_maerchen02_1819;1819;          Märchen;https://www.deutschestextarchiv.de/book/show/grimm_maerchen02_1819
269;Kinder- und Haus-Märchen;Jacob Grimm;grimm_maerchen02_1815;1815;          Märchen;https://www.deutschestextarchiv.de/book/show/grimm_maerchen02_1815
270;Phantasien im Bremer Rathskeller;Wilhelm Hauff;hauff_phantasien_1827;1827;          Novelle;https://www.deutschestextarchiv.de/book/show/hauff_phantasien_1827
271;Phantasien im Bremer Ratskeller;Wilhelm Hauff;hauff_ratskeller_1910;1910;          Novelle;https://www.deutschestextarchiv.de/book/show/hauff_ratskeller_1910
272;Herzensergießungen eines kunstliebenden Klosterbruders;Wilhelm Heinrich Wackenroder;wackenroder_herzensergiessungen_1797;1797;          Roman;https://www.deutschestextarchiv.de/book/show/wackenroder_herzensergiessungen_1797
273;Maria Schweidler die Bernsteinhexe;Wilhelm Meinhold;meinhold_bernsteinhexe_1843;1843;          Roman;https://www.deutschestextarchiv.de/book/show/meinhold_bernsteinhexe_1843
274;Das letzte Recht;Wilhelm Raabe;raabe_recht_1910;1910;          Novelle;https://www.deutschestextarchiv.de/book/show/raabe_recht_1910
275;Das Odfeld;Wilhelm Raabe;raabe_odfeld_1889;1889;          Roman;https://www.deutschestextarchiv.de/book/show/raabe_odfeld_1889
276;Die Akten des Vogelsangs;Wilhelm Raabe;raabe_akten_1896;1896;          Roman;https://www.deutschestextarchiv.de/book/show/raabe_akten_1896
277;Die Chronik der Sperlingsgasse;Wilhelm Raabe;raabe_sperlingsgasse_1857;1857;          Roman;https://www.deutschestextarchiv.de/book/show/raabe_sperlingsgasse_1857
278;Stopfkuchen;Wilhelm Raabe;raabe_stopfkuchen_1891;1891;          Roman;https://www.deutschestextarchiv.de/book/show/raabe_stopfkuchen_1891
279;Der Büttnerbauer;Wilhelm von Polenz;polenz_buettnerbauer_1895;1895;          Roman;https://www.deutschestextarchiv.de/book/show/polenz_buettnerbauer_1895
280;Phaëthon;Wilhelm Waiblinger;waiblinger_phaeton01_1823;1823;          Roman;https://www.deutschestextarchiv.de/book/show/waiblinger_phaeton01_1823
281;Phaëthon;Wilhelm Waiblinger;waiblinger_phaeton02_1823;1823;          Roman;https://www.deutschestextarchiv.de/book/show/waiblinger_phaeton02_1823
